teacher_id,day,period,unfavorable
T001,1,0,0
T001,1,1,0
T001,1,2,0
T001,1,3,0
T001,1,4,0
T001,1,5,1
T001,1,6,0
T001,1,7,1
T001,1,8,0
T001,1,9,0
T001,2,0,0
T001,2,1,0
T001,2,2,0
T001,2,3,0
T001,2,4,0
T001,2,5,0
T001,2,6,0
T001,2,7,1
T001,2,8,0
T001,2,9,0
T001,3,0,0
T001,3,1,1
T001,3,2,0
T001,3,3,0
T001,3,4,0
T001,3,5,0
T001,3,6,0
T001,3,7,0
T001,3,8,1
T001,3,9,0
T001,4,0,0
T001,4,1,0
T001,4,2,0
T001,4,3,0
T001,4,4,0
T001,4,5,0
T001,4,6,1
T001,4,7,0
T001,4,8,0
T001,4,9,0
T001,5,0,0
T001,5,1,1
T001,5,2,0
T001,5,3,0
T001,5,4,0
T001,5,5,0
T001,5,6,0
T001,5,7,0
T001,5,8,0
T001,5,9,0
T002,1,0,0
T002,1,1,0
T002,1,2,0
T002,1,3,0
T002,1,4,0
T002,1,5,0
T002,1,6,0
T002,1,7,0
T002,1,8,0
T002,1,9,0
T002,2,0,1
T002,2,1,0
T002,2,2,0
T002,2,3,1
T002,2,4,0
T002,2,5,0
T002,2,6,0
T002,2,7,0
T002,2,8,0
T002,2,9,0
T002,3,0,0
T002,3,1,0
T002,3,2,0
T002,3,3,0
T002,3,4,0
T002,3,5,1
T002,3,6,0
T002,3,7,1
T002,3,8,0
T002,3,9,0
T002,4,0,0
T002,4,1,0
T002,4,2,0
T002,4,3,0
T002,4,4,0
T002,4,5,0
T002,4,6,0
T002,4,7,0
T002,4,8,0
T002,4,9,1
T002,5,0,0
T002,5,1,0
T002,5,2,0
T002,5,3,0
T002,5,4,0
T002,5,5,0
T002,5,6,0
T002,5,7,0
T002,5,8,0
T002,5,9,0
T003,1,0,0
T003,1,1,1
T003,1,2,0
T003,1,3,0
T003,1,4,0
T003,1,5,0
T003,1,6,0
T003,1,7,0
T003,1,8,0
T003,1,9,0
T003,2,0,0
T003,2,1,0
T003,2,2,0
T003,2,3,1
T003,2,4,0
T003,2,5,0
T003,2,6,0
T003,2,7,0
T003,2,8,1
T003,2,9,0
T003,3,0,0
T003,3,1,0
T003,3,2,0
T003,3,3,0
T003,3,4,0
T003,3,5,0
T003,3,6,0
T003,3,7,0
T003,3,8,0
T003,3,9,0
T003,4,0,0
T003,4,1,0
T003,4,2,0
T003,4,3,0
T003,4,4,0
T003,4,5,1
T003,4,6,0
T003,4,7,0
T003,4,8,0
T003,4,9,0
T003,5,0,0
T003,5,1,0
T003,5,2,0
T003,5,3,0
T003,5,4,0
T003,5,5,0
T003,5,6,0
T003,5,7,0
T003,5,8,1
T003,5,9,0
T004,1,0,0
T004,1,1,0
T004,1,2,0
T004,1,3,0
T004,1,4,0
T004,1,5,0
T004,1,6,0
T004,1,7,0
T004,1,8,0
T004,1,9,0
T004,2,0,0
T004,2,1,0
T004,2,2,1
T004,2,3,0
T004,2,4,0
T004,2,5,0
T004,2,6,0
T004,2,7,0
T004,2,8,0
T004,2,9,0
T004,3,0,1
T004,3,1,0
T004,3,2,0
T004,3,3,0
T004,3,4,0
T004,3,5,0
T004,3,6,0
T004,3,7,0
T004,3,8,0
T004,3,9,0
T004,4,0,0
T004,4,1,0
T004,4,2,0
T004,4,3,0
T004,4,4,0
T004,4,5,0
T004,4,6,0
T004,4,7,0
T004,4,8,0
T004,4,9,1
T004,5,0,0
T004,5,1,0
T004,5,2,1
T004,5,3,0
T004,5,4,1
T004,5,5,0
T004,5,6,0
T004,5,7,0
T004,5,8,0
T004,5,9,0
T005,1,0,0
T005,1,1,0
T005,1,2,0
T005,1,3,0
T005,1,4,0
T005,1,5,0
T005,1,6,0
T005,1,7,0
T005,1,8,0
T005,1,9,0
T005,2,0,0
T005,2,1,0
T005,2,2,0
T005,2,3,0
T005,2,4,0
T005,2,5,0
T005,2,6,0
T005,2,7,0
T005,2,8,0
T005,2,9,0
T005,3,0,0
T005,3,1,0
T005,3,2,0
T005,3,3,0
T005,3,4,0
T005,3,5,0
T005,3,6,0
T005,3,7,0
T005,3,8,0
T005,3,9,0
T005,4,0,0
T005,4,1,0
T005,4,2,0
T005,4,3,0
T005,4,4,1
T005,4,5,0
T005,4,6,0
T005,4,7,1
T005,4,8,0
T005,4,9,0
T005,5,0,0
T005,5,1,0
T005,5,2,1
T005,5,3,0
T005,5,4,0
T005,5,5,0
T005,5,6,0
T005,5,7,0
T005,5,8,0
T005,5,9,0
T006,1,0,0
T006,1,1,0
T006,1,2,0
T006,1,3,0
T006,1,4,0
T006,1,5,0
T006,1,6,1
T006,1,7,0
T006,1,8,0
T006,1,9,0
T006,2,0,0
T006,2,1,0
T006,2,2,0
T006,2,3,0
T006,2,4,0
T006,2,5,0
T006,2,6,0
T006,2,7,0
T006,2,8,0
T006,2,9,1
T006,3,0,0
T006,3,1,0
T006,3,2,0
T006,3,3,0
T006,3,4,0
T006,3,5,0
T006,3,6,0
T006,3,7,0
T006,3,8,1
T006,3,9,1
T006,4,0,0
T006,4,1,0
T006,4,2,0
T006,4,3,0
T006,4,4,0
T006,4,5,0
T006,4,6,0
T006,4,7,0
T006,4,8,0
T006,4,9,1
T006,5,0,1
T006,5,1,1
T006,5,2,0
T006,5,3,0
T006,5,4,0
T006,5,5,0
T006,5,6,0
T006,5,7,0
T006,5,8,0
T006,5,9,0
T007,1,0,0
T007,1,1,0
T007,1,2,0
T007,1,3,0
T007,1,4,0
T007,1,5,0
T007,1,6,0
T007,1,7,0
T007,1,8,0
T007,1,9,0
T007,2,0,0
T007,2,1,0
T007,2,2,0
T007,2,3,0
T007,2,4,0
T007,2,5,0
T007,2,6,0
T007,2,7,0
T007,2,8,0
T007,2,9,0
T007,3,0,0
T007,3,1,0
T007,3,2,0
T007,3,3,0
T007,3,4,0
T007,3,5,1
T007,3,6,0
T007,3,7,1
T007,3,8,0
T007,3,9,0
T007,4,0,1
T007,4,1,0
T007,4,2,0
T007,4,3,0
T007,4,4,0
T007,4,5,0
T007,4,6,0
T007,4,7,0
T007,4,8,1
T007,4,9,0
T007,5,0,0
T007,5,1,0
T007,5,2,0
T007,5,3,0
T007,5,4,1
T007,5,5,0
T007,5,6,0
T007,5,7,0
T007,5,8,0
T007,5,9,0
T008,1,0,0
T008,1,1,0
T008,1,2,0
T008,1,3,0
T008,1,4,0
T008,1,5,0
T008,1,6,0
T008,1,7,0
T008,1,8,0
T008,1,9,0
T008,2,0,0
T008,2,1,0
T008,2,2,0
T008,2,3,0
T008,2,4,0
T008,2,5,1
T008,2,6,0
T008,2,7,0
T008,2,8,0
T008,2,9,0
T008,3,0,0
T008,3,1,0
T008,3,2,0
T008,3,3,0
T008,3,4,0
T008,3,5,0
T008,3,6,0
T008,3,7,0
T008,3,8,0
T008,3,9,0
T008,4,0,0
T008,4,1,0
T008,4,2,0
T008,4,3,0
T008,4,4,0
T008,4,5,0
T008,4,6,0
T008,4,7,0
T008,4,8,0
T008,4,9,0
T008,5,0,1
T008,5,1,1
T008,5,2,0
T008,5,3,0
T008,5,4,0
T008,5,5,0
T008,5,6,0
T008,5,7,1
T008,5,8,0
T008,5,9,0
T010,1,0,0
T010,1,1,0
T010,1,2,0
T010,1,3,0
T010,1,4,1
T010,1,5,0
T010,1,6,0
T010,1,7,0
T010,1,8,0
T010,1,9,0
T010,2,0,0
T010,2,1,1
T010,2,2,0
T010,2,3,0
T010,2,4,0
T010,2,5,0
T010,2,6,0
T010,2,7,0
T010,2,8,0
T010,2,9,0
T010,3,0,0
T010,3,1,0
T010,3,2,0
T010,3,3,0
T010,3,4,0
T010,3,5,1
T010,3,6,0
T010,3,7,0
T010,3,8,0
T010,3,9,0
T010,4,0,0
T010,4,1,0
T010,4,2,0
T010,4,3,0
T010,4,4,0
T010,4,5,0
T010,4,6,0
T010,4,7,0
T010,4,8,0
T010,4,9,0
T010,5,0,0
T010,5,1,0
T010,5,2,0
T010,5,3,0
T010,5,4,0
T010,5,5,0
T010,5,6,0
T010,5,7,1
T010,5,8,0
T010,5,9,0
T012,1,0,0
T012,1,1,0
T012,1,2,0
T012,1,3,0
T012,1,4,0
T012,1,5,0
T012,1,6,0
T012,1,7,0
T012,1,8,0
T012,1,9,0
T012,2,0,0
T012,2,1,0
T012,2,2,0
T012,2,3,0
T012,2,4,0
T012,2,5,0
T012,2,6,0
T012,2,7,0
T012,2,8,0
T012,2,9,0
T012,3,0,0
T012,3,1,0
T012,3,2,0
T012,3,3,1
T012,3,4,0
T012,3,5,1
T012,3,6,0
T012,3,7,0
T012,3,8,1
T012,3,9,0
T012,4,0,1
T012,4,1,0
T012,4,2,0
T012,4,3,1
T012,4,4,0
T012,4,5,0
T012,4,6,0
T012,4,7,1
T012,4,8,0
T012,4,9,0
T012,5,0,0
T012,5,1,0
T012,5,2,0
T012,5,3,0
T012,5,4,0
T012,5,5,0
T012,5,6,0
T012,5,7,0
T012,5,8,0
T012,5,9,0
T014,1,0,0
T014,1,1,0
T014,1,2,0
T014,1,3,1
T014,1,4,0
T014,1,5,0
T014,1,6,0
T014,1,7,0
T014,1,8,0
T014,1,9,0
T014,2,0,0
T014,2,1,0
T014,2,2,0
T014,2,3,0
T014,2,4,0
T014,2,5,0
T014,2,6,0
T014,2,7,0
T014,2,8,0
T014,2,9,0
T014,3,0,0
T014,3,1,0
T014,3,2,1
T014,3,3,0
T014,3,4,0
T014,3,5,0
T014,3,6,0
T014,3,7,0
T014,3,8,0
T014,3,9,0
T014,4,0,0
T014,4,1,0
T014,4,2,0
T014,4,3,0
T014,4,4,0
T014,4,5,0
T014,4,6,0
T014,4,7,0
T014,4,8,0
T014,4,9,0
T014,5,0,0
T014,5,1,0
T014,5,2,0
T014,5,3,1
T014,5,4,0
T014,5,5,0
T014,5,6,1
T014,5,7,0
T014,5,8,1
T014,5,9,0
T016,1,0,0
T016,1,1,0
T016,1,2,0
T016,1,3,0
T016,1,4,0
T016,1,5,0
T016,1,6,0
T016,1,7,0
T016,1,8,0
T016,1,9,0
T016,2,0,0
T016,2,1,0
T016,2,2,0
T016,2,3,1
T016,2,4,0
T016,2,5,0
T016,2,6,0
T016,2,7,0
T016,2,8,0
T016,2,9,0
T016,3,0,0
T016,3,1,0
T016,3,2,0
T016,3,3,0
T016,3,4,1
T016,3,5,0
T016,3,6,0
T016,3,7,0
T016,3,8,1
T016,3,9,0
T016,4,0,1
T016,4,1,0
T016,4,2,0
T016,4,3,0
T016,4,4,0
T016,4,5,0
T016,4,6,0
T016,4,7,0
T016,4,8,0
T016,4,9,0
T016,5,0,0
T016,5,1,0
T016,5,2,0
T016,5,3,0
T016,5,4,0
T016,5,5,0
T016,5,6,0
T016,5,7,0
T016,5,8,0
T016,5,9,0
T018,1,0,0
T018,1,1,1
T018,1,2,1
T018,1,3,0
T018,1,4,0
T018,1,5,0
T018,1,6,0
T018,1,7,0
T018,1,8,0
T018,1,9,0
T018,2,0,0
T018,2,1,0
T018,2,2,0
T018,2,3,0
T018,2,4,0
T018,2,5,0
T018,2,6,0
T018,2,7,0
T018,2,8,0
T018,2,9,1
T018,3,0,0
T018,3,1,0
T018,3,2,0
T018,3,3,0
T018,3,4,0
T018,3,5,0
T018,3,6,0
T018,3,7,0
T018,3,8,0
T018,3,9,0
T018,4,0,0
T018,4,1,0
T018,4,2,0
T018,4,3,0
T018,4,4,0
T018,4,5,0
T018,4,6,0
T018,4,7,0
T018,4,8,0
T018,4,9,0
T018,5,0,0
T018,5,1,0
T018,5,2,0
T018,5,3,0
T018,5,4,0
T018,5,5,0
T018,5,6,0
T018,5,7,0
T018,5,8,0
T018,5,9,0
T019,1,0,0
T019,1,1,0
T019,1,2,0
T019,1,3,0
T019,1,4,0
T019,1,5,0
T019,1,6,0
T019,1,7,0
T019,1,8,0
T019,1,9,1
T019,2,0,0
T019,2,1,0
T019,2,2,0
T019,2,3,0
T019,2,4,0
T019,2,5,0
T019,2,6,0
T019,2,7,0
T019,2,8,0
T019,2,9,0
T019,3,0,1
T019,3,1,0
T019,3,2,0
T019,3,3,0
T019,3,4,0
T019,3,5,0
T019,3,6,0
T019,3,7,0
T019,3,8,0
T019,3,9,0
T019,4,0,0
T019,4,1,0
T019,4,2,0
T019,4,3,0
T019,4,4,0
T019,4,5,0
T019,4,6,0
T019,4,7,0
T019,4,8,0
T019,4,9,0
T019,5,0,0
T019,5,1,0
T019,5,2,0
T019,5,3,0
T019,5,4,0
T019,5,5,0
T019,5,6,1
T019,5,7,1
T019,5,8,0
T019,5,9,1
T020,1,0,0
T020,1,1,0
T020,1,2,0
T020,1,3,0
T020,1,4,0
T020,1,5,0
T020,1,6,0
T020,1,7,0
T020,1,8,0
T020,1,9,0
T020,2,0,0
T020,2,1,0
T020,2,2,0
T020,2,3,0
T020,2,4,0
T020,2,5,0
T020,2,6,0
T020,2,7,0
T020,2,8,0
T020,2,9,1
T020,3,0,0
T020,3,1,0
T020,3,2,0
T020,3,3,0
T020,3,4,0
T020,3,5,0
T020,3,6,0
T020,3,7,1
T020,3,8,0
T020,3,9,0
T020,4,0,0
T020,4,1,1
T020,4,2,0
T020,4,3,0
T020,4,4,0
T020,4,5,0
T020,4,6,0
T020,4,7,0
T020,4,8,0
T020,4,9,0
T020,5,0,0
T020,5,1,0
T020,5,2,0
T020,5,3,1
T020,5,4,0
T020,5,5,0
T020,5,6,0
T020,5,7,0
T020,5,8,0
T020,5,9,1
T023,1,0,0
T023,1,1,0
T023,1,2,0
T023,1,3,0
T023,1,4,0
T023,1,5,0
T023,1,6,0
T023,1,7,0
T023,1,8,1
T023,1,9,0
T023,2,0,0
T023,2,1,0
T023,2,2,0
T023,2,3,0
T023,2,4,0
T023,2,5,0
T023,2,6,0
T023,2,7,0
T023,2,8,0
T023,2,9,0
T023,3,0,0
T023,3,1,0
T023,3,2,0
T023,3,3,0
T023,3,4,0
T023,3,5,0
T023,3,6,0
T023,3,7,0
T023,3,8,0
T023,3,9,0
T023,4,0,0
T023,4,1,0
T023,4,2,0
T023,4,3,0
T023,4,4,0
T023,4,5,1
T023,4,6,0
T023,4,7,0
T023,4,8,0
T023,4,9,0
T023,5,0,0
T023,5,1,0
T023,5,2,0
T023,5,3,0
T023,5,4,0
T023,5,5,0
T023,5,6,0
T023,5,7,0
T023,5,8,0
T023,5,9,1
T024,1,0,0
T024,1,1,0
T024,1,2,0
T024,1,3,0
T024,1,4,0
T024,1,5,0
T024,1,6,0
T024,1,7,0
T024,1,8,0
T024,1,9,0
T024,2,0,0
T024,2,1,0
T024,2,2,0
T024,2,3,0
T024,2,4,0
T024,2,5,0
T024,2,6,0
T024,2,7,0
T024,2,8,1
T024,2,9,1
T024,3,0,0
T024,3,1,0
T024,3,2,0
T024,3,3,0
T024,3,4,0
T024,3,5,0
T024,3,6,0
T024,3,7,0
T024,3,8,1
T024,3,9,0
T024,4,0,0
T024,4,1,1
T024,4,2,0
T024,4,3,0
T024,4,4,0
T024,4,5,0
T024,4,6,0
T024,4,7,0
T024,4,8,0
T024,4,9,0
T024,5,0,0
T024,5,1,0
T024,5,2,1
T024,5,3,0
T024,5,4,1
T024,5,5,0
T024,5,6,0
T024,5,7,0
T024,5,8,0
T024,5,9,0
T025,1,0,0
T025,1,1,0
T025,1,2,0
T025,1,3,0
T025,1,4,0
T025,1,5,0
T025,1,6,0
T025,1,7,0
T025,1,8,0
T025,1,9,0
T025,2,0,1
T025,2,1,0
T025,2,2,0
T025,2,3,0
T025,2,4,0
T025,2,5,1
T025,2,6,0
T025,2,7,0
T025,2,8,0
T025,2,9,0
T025,3,0,0
T025,3,1,0
T025,3,2,0
T025,3,3,0
T025,3,4,0
T025,3,5,0
T025,3,6,0
T025,3,7,0
T025,3,8,0
T025,3,9,0
T025,4,0,0
T025,4,1,0
T025,4,2,0
T025,4,3,0
T025,4,4,1
T025,4,5,0
T025,4,6,0
T025,4,7,0
T025,4,8,1
T025,4,9,1
T025,5,0,0
T025,5,1,0
T025,5,2,0
T025,5,3,0
T025,5,4,0
T025,5,5,0
T025,5,6,0
T025,5,7,1
T025,5,8,0
T025,5,9,0
T026,1,0,0
T026,1,1,1
T026,1,2,0
T026,1,3,0
T026,1,4,0
T026,1,5,0
T026,1,6,0
T026,1,7,0
T026,1,8,0
T026,1,9,0
T026,2,0,0
T026,2,1,0
T026,2,2,0
T026,2,3,0
T026,2,4,0
T026,2,5,0
T026,2,6,0
T026,2,7,0
T026,2,8,0
T026,2,9,0
T026,3,0,0
T026,3,1,0
T026,3,2,0
T026,3,3,1
T026,3,4,0
T026,3,5,0
T026,3,6,0
T026,3,7,0
T026,3,8,0
T026,3,9,1
T026,4,0,0
T026,4,1,0
T026,4,2,0
T026,4,3,0
T026,4,4,0
T026,4,5,0
T026,4,6,0
T026,4,7,0
T026,4,8,0
T026,4,9,0
T026,5,0,0
T026,5,1,0
T026,5,2,0
T026,5,3,0
T026,5,4,0
T026,5,5,0
T026,5,6,0
T026,5,7,1
T026,5,8,0
T026,5,9,0
T028,1,0,0
T028,1,1,0
T028,1,2,0
T028,1,3,0
T028,1,4,0
T028,1,5,0
T028,1,6,0
T028,1,7,0
T028,1,8,0
T028,1,9,0
T028,2,0,0
T028,2,1,0
T028,2,2,0
T028,2,3,0
T028,2,4,0
T028,2,5,0
T028,2,6,0
T028,2,7,0
T028,2,8,0
T028,2,9,0
T028,3,0,0
T028,3,1,1
T028,3,2,0
T028,3,3,0
T028,3,4,0
T028,3,5,0
T028,3,6,0
T028,3,7,0
T028,3,8,0
T028,3,9,0
T028,4,0,0
T028,4,1,0
T028,4,2,0
T028,4,3,0
T028,4,4,0
T028,4,5,0
T028,4,6,0
T028,4,7,0
T028,4,8,0
T028,4,9,0
T028,5,0,0
T028,5,1,0
T028,5,2,0
T028,5,3,0
T028,5,4,0
T028,5,5,0
T028,5,6,0
T028,5,7,0
T028,5,8,0
T028,5,9,0
T029,1,0,0
T029,1,1,0
T029,1,2,0
T029,1,3,0
T029,1,4,1
T029,1,5,1
T029,1,6,0
T029,1,7,0
T029,1,8,0
T029,1,9,0
T029,2,0,0
T029,2,1,0
T029,2,2,0
T029,2,3,0
T029,2,4,0
T029,2,5,0
T029,2,6,0
T029,2,7,0
T029,2,8,0
T029,2,9,0
T029,3,0,0
T029,3,1,0
T029,3,2,0
T029,3,3,0
T029,3,4,0
T029,3,5,0
T029,3,6,0
T029,3,7,0
T029,3,8,0
T029,3,9,0
T029,4,0,0
T029,4,1,0
T029,4,2,0
T029,4,3,1
T029,4,4,0
T029,4,5,0
T029,4,6,0
T029,4,7,0
T029,4,8,0
T029,4,9,0
T029,5,0,1
T029,5,1,0
T029,5,2,0
T029,5,3,0
T029,5,4,0
T029,5,5,0
T029,5,6,0
T029,5,7,0
T029,5,8,0
T029,5,9,0
T032,1,0,0
T032,1,1,0
T032,1,2,0
T032,1,3,0
T032,1,4,1
T032,1,5,0
T032,1,6,0
T032,1,7,1
T032,1,8,0
T032,1,9,0
T032,2,0,0
T032,2,1,0
T032,2,2,0
T032,2,3,0
T032,2,4,0
T032,2,5,0
T032,2,6,0
T032,2,7,0
T032,2,8,0
T032,2,9,0
T032,3,0,0
T032,3,1,0
T032,3,2,0
T032,3,3,0
T032,3,4,0
T032,3,5,0
T032,3,6,0
T032,3,7,0
T032,3,8,0
T032,3,9,1
T032,4,0,0
T032,4,1,0
T032,4,2,0
T032,4,3,0
T032,4,4,0
T032,4,5,0
T032,4,6,0
T032,4,7,0
T032,4,8,0
T032,4,9,0
T032,5,0,1
T032,5,1,0
T032,5,2,0
T032,5,3,0
T032,5,4,1
T032,5,5,0
T032,5,6,0
T032,5,7,0
T032,5,8,1
T032,5,9,0
T033,1,0,0
T033,1,1,0
T033,1,2,0
T033,1,3,0
T033,1,4,0
T033,1,5,0
T033,1,6,0
T033,1,7,0
T033,1,8,0
T033,1,9,0
T033,2,0,0
T033,2,1,0
T033,2,2,0
T033,2,3,0
T033,2,4,0
T033,2,5,1
T033,2,6,0
T033,2,7,0
T033,2,8,0
T033,2,9,0
T033,3,0,0
T033,3,1,0
T033,3,2,0
T033,3,3,0
T033,3,4,0
T033,3,5,0
T033,3,6,0
T033,3,7,0
T033,3,8,0
T033,3,9,0
T033,4,0,0
T033,4,1,0
T033,4,2,0
T033,4,3,0
T033,4,4,0
T033,4,5,0
T033,4,6,1
T033,4,7,0
T033,4,8,0
T033,4,9,0
T033,5,0,0
T033,5,1,0
T033,5,2,0
T033,5,3,0
T033,5,4,0
T033,5,5,0
T033,5,6,0
T033,5,7,0
T033,5,8,0
T033,5,9,0
T035,1,0,0
T035,1,1,0
T035,1,2,0
T035,1,3,0
T035,1,4,0
T035,1,5,0
T035,1,6,0
T035,1,7,0
T035,1,8,1
T035,1,9,0
T035,2,0,0
T035,2,1,0
T035,2,2,0
T035,2,3,0
T035,2,4,0
T035,2,5,1
T035,2,6,0
T035,2,7,0
T035,2,8,0
T035,2,9,0
T035,3,0,0
T035,3,1,0
T035,3,2,0
T035,3,3,0
T035,3,4,0
T035,3,5,0
T035,3,6,0
T035,3,7,0
T035,3,8,0
T035,3,9,0
T035,4,0,0
T035,4,1,0
T035,4,2,0
T035,4,3,0
T035,4,4,0
T035,4,5,0
T035,4,6,0
T035,4,7,0
T035,4,8,0
T035,4,9,0
T035,5,0,0
T035,5,1,0
T035,5,2,0
T035,5,3,0
T035,5,4,0
T035,5,5,0
T035,5,6,0
T035,5,7,0
T035,5,8,0
T035,5,9,0
T036,1,0,0
T036,1,1,0
T036,1,2,0
T036,1,3,0
T036,1,4,0
T036,1,5,0
T036,1,6,0
T036,1,7,0
T036,1,8,0
T036,1,9,0
T036,2,0,0
T036,2,1,0
T036,2,2,0
T036,2,3,0
T036,2,4,0
T036,2,5,0
T036,2,6,0
T036,2,7,0
T036,2,8,0
T036,2,9,0
T036,3,0,0
T036,3,1,0
T036,3,2,0
T036,3,3,0
T036,3,4,0
T036,3,5,0
T036,3,6,0
T036,3,7,0
T036,3,8,0
T036,3,9,0
T036,4,0,0
T036,4,1,0
T036,4,2,0
T036,4,3,0
T036,4,4,0
T036,4,5,0
T036,4,6,1
T036,4,7,0
T036,4,8,1
T036,4,9,0
T036,5,0,0
T036,5,1,0
T036,5,2,0
T036,5,3,0
T036,5,4,0
T036,5,5,0
T036,5,6,0
T036,5,7,0
T036,5,8,0
T036,5,9,0
T037,1,0,0
T037,1,1,0
T037,1,2,0
T037,1,3,0
T037,1,4,0
T037,1,5,0
T037,1,6,0
T037,1,7,0
T037,1,8,0
T037,1,9,0
T037,2,0,0
T037,2,1,0
T037,2,2,0
T037,2,3,0
T037,2,4,0
T037,2,5,0
T037,2,6,0
T037,2,7,0
T037,2,8,0
T037,2,9,0
T037,3,0,0
T037,3,1,0
T037,3,2,0
T037,3,3,0
T037,3,4,0
T037,3,5,0
T037,3,6,0
T037,3,7,0
T037,3,8,0
T037,3,9,0
T037,4,0,0
T037,4,1,0
T037,4,2,0
T037,4,3,0
T037,4,4,0
T037,4,5,0
T037,4,6,0
T037,4,7,0
T037,4,8,0
T037,4,9,0
T037,5,0,0
T037,5,1,0
T037,5,2,0
T037,5,3,0
T037,5,4,0
T037,5,5,0
T037,5,6,0
T037,5,7,0
T037,5,8,0
T037,5,9,0
T038,1,0,0
T038,1,1,0
T038,1,2,0
T038,1,3,0
T038,1,4,0
T038,1,5,0
T038,1,6,0
T038,1,7,0
T038,1,8,1
T038,1,9,0
T038,2,0,0
T038,2,1,0
T038,2,2,0
T038,2,3,0
T038,2,4,0
T038,2,5,0
T038,2,6,0
T038,2,7,0
T038,2,8,0
T038,2,9,0
T038,3,0,0
T038,3,1,0
T038,3,2,0
T038,3,3,1
T038,3,4,0
T038,3,5,0
T038,3,6,1
T038,3,7,0
T038,3,8,0
T038,3,9,0
T038,4,0,0
T038,4,1,0
T038,4,2,0
T038,4,3,0
T038,4,4,0
T038,4,5,0
T038,4,6,0
T038,4,7,0
T038,4,8,0
T038,4,9,0
T038,5,0,0
T038,5,1,0
T038,5,2,0
T038,5,3,0
T038,5,4,0
T038,5,5,0
T038,5,6,1
T038,5,7,0
T038,5,8,0
T038,5,9,0
T040,1,0,0
T040,1,1,0
T040,1,2,0
T040,1,3,0
T040,1,4,0
T040,1,5,0
T040,1,6,0
T040,1,7,0
T040,1,8,0
T040,1,9,0
T040,2,0,0
T040,2,1,0
T040,2,2,0
T040,2,3,0
T040,2,4,0
T040,2,5,0
T040,2,6,0
T040,2,7,0
T040,2,8,0
T040,2,9,0
T040,3,0,0
T040,3,1,0
T040,3,2,0
T040,3,3,1
T040,3,4,0
T040,3,5,0
T040,3,6,0
T040,3,7,0
T040,3,8,0
T040,3,9,0
T040,4,0,0
T040,4,1,0
T040,4,2,0
T040,4,3,0
T040,4,4,0
T040,4,5,0
T040,4,6,1
T040,4,7,0
T040,4,8,0
T040,4,9,1
T040,5,0,0
T040,5,1,0
T040,5,2,0
T040,5,3,0
T040,5,4,0
T040,5,5,0
T040,5,6,0
T040,5,7,0
T040,5,8,0
T040,5,9,0
T041,1,0,0
T041,1,1,0
T041,1,2,0
T041,1,3,0
T041,1,4,0
T041,1,5,0
T041,1,6,1
T041,1,7,0
T041,1,8,0
T041,1,9,0
T041,2,0,0
T041,2,1,0
T041,2,2,0
T041,2,3,0
T041,2,4,1
T041,2,5,0
T041,2,6,1
T041,2,7,0
T041,2,8,1
T041,2,9,0
T041,3,0,0
T041,3,1,0
T041,3,2,0
T041,3,3,0
T041,3,4,0
T041,3,5,0
T041,3,6,0
T041,3,7,0
T041,3,8,0
T041,3,9,0
T041,4,0,0
T041,4,1,0
T041,4,2,0
T041,4,3,0
T041,4,4,0
T041,4,5,0
T041,4,6,0
T041,4,7,0
T041,4,8,0
T041,4,9,0
T041,5,0,0
T041,5,1,0
T041,5,2,0
T041,5,3,0
T041,5,4,0
T041,5,5,0
T041,5,6,0
T041,5,7,0
T041,5,8,0
T041,5,9,1
T042,1,0,0
T042,1,1,0
T042,1,2,0
T042,1,3,0
T042,1,4,0
T042,1,5,0
T042,1,6,0
T042,1,7,0
T042,1,8,0
T042,1,9,0
T042,2,0,1
T042,2,1,0
T042,2,2,1
T042,2,3,0
T042,2,4,0
T042,2,5,0
T042,2,6,0
T042,2,7,0
T042,2,8,0
T042,2,9,0
T042,3,0,0
T042,3,1,1
T042,3,2,0
T042,3,3,0
T042,3,4,0
T042,3,5,0
T042,3,6,0
T042,3,7,0
T042,3,8,0
T042,3,9,0
T042,4,0,0
T042,4,1,0
T042,4,2,0
T042,4,3,1
T042,4,4,0
T042,4,5,0
T042,4,6,0
T042,4,7,0
T042,4,8,0
T042,4,9,0
T042,5,0,0
T042,5,1,1
T042,5,2,0
T042,5,3,0
T042,5,4,0
T042,5,5,0
T042,5,6,0
T042,5,7,0
T042,5,8,0
T042,5,9,0
T043,1,0,0
T043,1,1,0
T043,1,2,0
T043,1,3,0
T043,1,4,0
T043,1,5,0
T043,1,6,0
T043,1,7,0
T043,1,8,0
T043,1,9,0
T043,2,0,1
T043,2,1,1
T043,2,2,0
T043,2,3,0
T043,2,4,0
T043,2,5,1
T043,2,6,0
T043,2,7,0
T043,2,8,0
T043,2,9,0
T043,3,0,0
T043,3,1,0
T043,3,2,1
T043,3,3,0
T043,3,4,0
T043,3,5,0
T043,3,6,0
T043,3,7,0
T043,3,8,0
T043,3,9,0
T043,4,0,0
T043,4,1,0
T043,4,2,0
T043,4,3,0
T043,4,4,0
T043,4,5,0
T043,4,6,0
T043,4,7,0
T043,4,8,0
T043,4,9,0
T043,5,0,0
T043,5,1,0
T043,5,2,0
T043,5,3,1
T043,5,4,0
T043,5,5,0
T043,5,6,0
T043,5,7,0
T043,5,8,0
T043,5,9,0
T044,1,0,0
T044,1,1,0
T044,1,2,0
T044,1,3,1
T044,1,4,0
T044,1,5,0
T044,1,6,0
T044,1,7,0
T044,1,8,0
T044,1,9,0
T044,2,0,0
T044,2,1,0
T044,2,2,0
T044,2,3,0
T044,2,4,0
T044,2,5,0
T044,2,6,0
T044,2,7,0
T044,2,8,0
T044,2,9,0
T044,3,0,0
T044,3,1,0
T044,3,2,0
T044,3,3,0
T044,3,4,0
T044,3,5,0
T044,3,6,0
T044,3,7,0
T044,3,8,0
T044,3,9,0
T044,4,0,0
T044,4,1,0
T044,4,2,0
T044,4,3,0
T044,4,4,0
T044,4,5,0
T044,4,6,0
T044,4,7,0
T044,4,8,0
T044,4,9,0
T044,5,0,0
T044,5,1,0
T044,5,2,0
T044,5,3,0
T044,5,4,0
T044,5,5,0
T044,5,6,0
T044,5,7,0
T044,5,8,1
T044,5,9,0
T045,1,0,0
T045,1,1,0
T045,1,2,0
T045,1,3,0
T045,1,4,0
T045,1,5,0
T045,1,6,0
T045,1,7,1
T045,1,8,0
T045,1,9,0
T045,2,0,0
T045,2,1,0
T045,2,2,0
T045,2,3,0
T045,2,4,0
T045,2,5,0
T045,2,6,0
T045,2,7,0
T045,2,8,0
T045,2,9,0
T045,3,0,0
T045,3,1,0
T045,3,2,0
T045,3,3,0
T045,3,4,0
T045,3,5,0
T045,3,6,0
T045,3,7,0
T045,3,8,0
T045,3,9,0
T045,4,0,0
T045,4,1,0
T045,4,2,0
T045,4,3,0
T045,4,4,1
T045,4,5,0
T045,4,6,0
T045,4,7,0
T045,4,8,0
T045,4,9,0
T045,5,0,0
T045,5,1,1
T045,5,2,0
T045,5,3,0
T045,5,4,0
T045,5,5,0
T045,5,6,0
T045,5,7,0
T045,5,8,0
T045,5,9,0
T046,1,0,0
T046,1,1,0
T046,1,2,0
T046,1,3,0
T046,1,4,0
T046,1,5,0
T046,1,6,0
T046,1,7,0
T046,1,8,1
T046,1,9,0
T046,2,0,0
T046,2,1,0
T046,2,2,0
T046,2,3,0
T046,2,4,0
T046,2,5,0
T046,2,6,0
T046,2,7,0
T046,2,8,0
T046,2,9,0
T046,3,0,0
T046,3,1,0
T046,3,2,0
T046,3,3,0
T046,3,4,0
T046,3,5,0
T046,3,6,0
T046,3,7,0
T046,3,8,0
T046,3,9,0
T046,4,0,0
T046,4,1,0
T046,4,2,1
T046,4,3,1
T046,4,4,0
T046,4,5,0
T046,4,6,0
T046,4,7,0
T046,4,8,0
T046,4,9,0
T046,5,0,1
T046,5,1,0
T046,5,2,1
T046,5,3,0
T046,5,4,0
T046,5,5,0
T046,5,6,0
T046,5,7,0
T046,5,8,0
T046,5,9,0
T047,1,0,0
T047,1,1,0
T047,1,2,0
T047,1,3,0
T047,1,4,0
T047,1,5,0
T047,1,6,0
T047,1,7,0
T047,1,8,0
T047,1,9,0
T047,2,0,0
T047,2,1,0
T047,2,2,0
T047,2,3,0
T047,2,4,0
T047,2,5,0
T047,2,6,0
T047,2,7,0
T047,2,8,0
T047,2,9,0
T047,3,0,0
T047,3,1,0
T047,3,2,0
T047,3,3,0
T047,3,4,0
T047,3,5,1
T047,3,6,0
T047,3,7,0
T047,3,8,0
T047,3,9,0
T047,4,0,0
T047,4,1,0
T047,4,2,0
T047,4,3,0
T047,4,4,0
T047,4,5,0
T047,4,6,0
T047,4,7,0
T047,4,8,0
T047,4,9,0
T047,5,0,0
T047,5,1,0
T047,5,2,0
T047,5,3,0
T047,5,4,0
T047,5,5,0
T047,5,6,0
T047,5,7,0
T047,5,8,0
T047,5,9,0
T048,1,0,0
T048,1,1,0
T048,1,2,0
T048,1,3,0
T048,1,4,0
T048,1,5,0
T048,1,6,0
T048,1,7,0
T048,1,8,0
T048,1,9,0
T048,2,0,0
T048,2,1,0
T048,2,2,0
T048,2,3,0
T048,2,4,0
T048,2,5,0
T048,2,6,0
T048,2,7,0
T048,2,8,0
T048,2,9,0
T048,3,0,1
T048,3,1,1
T048,3,2,0
T048,3,3,0
T048,3,4,0
T048,3,5,0
T048,3,6,0
T048,3,7,0
T048,3,8,0
T048,3,9,0
T048,4,0,0
T048,4,1,0
T048,4,2,0
T048,4,3,0
T048,4,4,0
T048,4,5,0
T048,4,6,0
T048,4,7,0
T048,4,8,0
T048,4,9,0
T048,5,0,0
T048,5,1,0
T048,5,2,0
T048,5,3,0
T048,5,4,0
T048,5,5,0
T048,5,6,0
T048,5,7,0
T048,5,8,0
T048,5,9,1
T049,1,0,0
T049,1,1,0
T049,1,2,0
T049,1,3,0
T049,1,4,0
T049,1,5,0
T049,1,6,0
T049,1,7,1
T049,1,8,0
T049,1,9,0
T049,2,0,0
T049,2,1,0
T049,2,2,0
T049,2,3,1
T049,2,4,1
T049,2,5,0
T049,2,6,0
T049,2,7,0
T049,2,8,0
T049,2,9,1
T049,3,0,0
T049,3,1,0
T049,3,2,0
T049,3,3,0
T049,3,4,0
T049,3,5,0
T049,3,6,0
T049,3,7,0
T049,3,8,0
T049,3,9,0
T049,4,0,0
T049,4,1,0
T049,4,2,1
T049,4,3,0
T049,4,4,0
T049,4,5,0
T049,4,6,0
T049,4,7,1
T049,4,8,0
T049,4,9,1
T049,5,0,0
T049,5,1,0
T049,5,2,0
T049,5,3,0
T049,5,4,0
T049,5,5,0
T049,5,6,0
T049,5,7,1
T049,5,8,0
T049,5,9,0
T050,1,0,0
T050,1,1,0
T050,1,2,0
T050,1,3,0
T050,1,4,0
T050,1,5,0
T050,1,6,0
T050,1,7,0
T050,1,8,0
T050,1,9,0
T050,2,0,0
T050,2,1,0
T050,2,2,0
T050,2,3,0
T050,2,4,0
T050,2,5,0
T050,2,6,0
T050,2,7,0
T050,2,8,0
T050,2,9,0
T050,3,0,1
T050,3,1,1
T050,3,2,0
T050,3,3,0
T050,3,4,0
T050,3,5,0
T050,3,6,0
T050,3,7,1
T050,3,8,0
T050,3,9,0
T050,4,0,0
T050,4,1,0
T050,4,2,0
T050,4,3,1
T050,4,4,0
T050,4,5,0
T050,4,6,0
T050,4,7,0
T050,4,8,0
T050,4,9,0
T050,5,0,0
T050,5,1,0
T050,5,2,0
T050,5,3,0
T050,5,4,0
T050,5,5,1
T050,5,6,0
T050,5,7,0
T050,5,8,0
T050,5,9,1
T051,1,0,0
T051,1,1,0
T051,1,2,0
T051,1,3,0
T051,1,4,0
T051,1,5,0
T051,1,6,0
T051,1,7,0
T051,1,8,0
T051,1,9,0
T051,2,0,0
T051,2,1,1
T051,2,2,0
T051,2,3,0
T051,2,4,0
T051,2,5,0
T051,2,6,0
T051,2,7,0
T051,2,8,0
T051,2,9,0
T051,3,0,0
T051,3,1,0
T051,3,2,0
T051,3,3,0
T051,3,4,0
T051,3,5,0
T051,3,6,0
T051,3,7,0
T051,3,8,0
T051,3,9,0
T051,4,0,0
T051,4,1,0
T051,4,2,0
T051,4,3,0
T051,4,4,0
T051,4,5,0
T051,4,6,0
T051,4,7,0
T051,4,8,0
T051,4,9,0
T051,5,0,0
T051,5,1,0
T051,5,2,0
T051,5,3,0
T051,5,4,0
T051,5,5,0
T051,5,6,0
T051,5,7,0
T051,5,8,0
T051,5,9,1
T052,1,0,0
T052,1,1,0
T052,1,2,0
T052,1,3,0
T052,1,4,0
T052,1,5,0
T052,1,6,0
T052,1,7,0
T052,1,8,0
T052,1,9,0
T052,2,0,0
T052,2,1,0
T052,2,2,0
T052,2,3,0
T052,2,4,0
T052,2,5,0
T052,2,6,0
T052,2,7,0
T052,2,8,1
T052,2,9,0
T052,3,0,0
T052,3,1,0
T052,3,2,0
T052,3,3,0
T052,3,4,0
T052,3,5,0
T052,3,6,0
T052,3,7,0
T052,3,8,0
T052,3,9,0
T052,4,0,0
T052,4,1,0
T052,4,2,0
T052,4,3,0
T052,4,4,0
T052,4,5,0
T052,4,6,0
T052,4,7,0
T052,4,8,0
T052,4,9,0
T052,5,0,0
T052,5,1,0
T052,5,2,0
T052,5,3,0
T052,5,4,0
T052,5,5,0
T052,5,6,0
T052,5,7,0
T052,5,8,0
T052,5,9,0
T053,1,0,0
T053,1,1,0
T053,1,2,0
T053,1,3,0
T053,1,4,0
T053,1,5,0
T053,1,6,0
T053,1,7,0
T053,1,8,0
T053,1,9,0
T053,2,0,0
T053,2,1,0
T053,2,2,0
T053,2,3,1
T053,2,4,0
T053,2,5,0
T053,2,6,0
T053,2,7,0
T053,2,8,0
T053,2,9,0
T053,3,0,0
T053,3,1,0
T053,3,2,0
T053,3,3,0
T053,3,4,0
T053,3,5,0
T053,3,6,0
T053,3,7,0
T053,3,8,0
T053,3,9,0
T053,4,0,0
T053,4,1,0
T053,4,2,1
T053,4,3,0
T053,4,4,0
T053,4,5,0
T053,4,6,0
T053,4,7,0
T053,4,8,0
T053,4,9,0
T053,5,0,0
T053,5,1,0
T053,5,2,0
T053,5,3,0
T053,5,4,0
T053,5,5,0
T053,5,6,0
T053,5,7,1
T053,5,8,0
T053,5,9,0
T054,1,0,0
T054,1,1,0
T054,1,2,0
T054,1,3,0
T054,1,4,0
T054,1,5,0
T054,1,6,0
T054,1,7,0
T054,1,8,0
T054,1,9,0
T054,2,0,0
T054,2,1,0
T054,2,2,0
T054,2,3,0
T054,2,4,0
T054,2,5,0
T054,2,6,0
T054,2,7,0
T054,2,8,0
T054,2,9,0
T054,3,0,0
T054,3,1,0
T054,3,2,0
T054,3,3,0
T054,3,4,0
T054,3,5,0
T054,3,6,0
T054,3,7,0
T054,3,8,0
T054,3,9,0
T054,4,0,1
T054,4,1,0
T054,4,2,0
T054,4,3,1
T054,4,4,0
T054,4,5,0
T054,4,6,0
T054,4,7,0
T054,4,8,0
T054,4,9,0
T054,5,0,0
T054,5,1,0
T054,5,2,0
T054,5,3,0
T054,5,4,0
T054,5,5,0
T054,5,6,0
T054,5,7,0
T054,5,8,0
T054,5,9,0
T055,1,0,0
T055,1,1,0
T055,1,2,0
T055,1,3,0
T055,1,4,0
T055,1,5,0
T055,1,6,0
T055,1,7,0
T055,1,8,0
T055,1,9,0
T055,2,0,0
T055,2,1,0
T055,2,2,0
T055,2,3,0
T055,2,4,0
T055,2,5,0
T055,2,6,0
T055,2,7,0
T055,2,8,0
T055,2,9,0
T055,3,0,0
T055,3,1,0
T055,3,2,0
T055,3,3,0
T055,3,4,0
T055,3,5,0
T055,3,6,0
T055,3,7,0
T055,3,8,0
T055,3,9,0
T055,4,0,0
T055,4,1,0
T055,4,2,0
T055,4,3,0
T055,4,4,0
T055,4,5,0
T055,4,6,0
T055,4,7,0
T055,4,8,0
T055,4,9,0
T055,5,0,0
T055,5,1,0
T055,5,2,1
T055,5,3,0
T055,5,4,0
T055,5,5,0
T055,5,6,0
T055,5,7,0
T055,5,8,0
T055,5,9,0
T056,1,0,0
T056,1,1,1
T056,1,2,0
T056,1,3,0
T056,1,4,0
T056,1,5,1
T056,1,6,0
T056,1,7,0
T056,1,8,0
T056,1,9,0
T056,2,0,0
T056,2,1,0
T056,2,2,0
T056,2,3,0
T056,2,4,0
T056,2,5,0
T056,2,6,0
T056,2,7,0
T056,2,8,0
T056,2,9,0
T056,3,0,0
T056,3,1,0
T056,3,2,0
T056,3,3,0
T056,3,4,1
T056,3,5,0
T056,3,6,0
T056,3,7,0
T056,3,8,0
T056,3,9,0
T056,4,0,0
T056,4,1,0
T056,4,2,0
T056,4,3,0
T056,4,4,0
T056,4,5,0
T056,4,6,0
T056,4,7,0
T056,4,8,0
T056,4,9,0
T056,5,0,0
T056,5,1,0
T056,5,2,1
T056,5,3,0
T056,5,4,0
T056,5,5,0
T056,5,6,0
T056,5,7,0
T056,5,8,0
T056,5,9,0
T057,1,0,0
T057,1,1,0
T057,1,2,0
T057,1,3,0
T057,1,4,1
T057,1,5,0
T057,1,6,0
T057,1,7,0
T057,1,8,0
T057,1,9,0
T057,2,0,0
T057,2,1,0
T057,2,2,0
T057,2,3,0
T057,2,4,1
T057,2,5,0
T057,2,6,0
T057,2,7,0
T057,2,8,0
T057,2,9,0
T057,3,0,0
T057,3,1,0
T057,3,2,0
T057,3,3,0
T057,3,4,0
T057,3,5,0
T057,3,6,0
T057,3,7,0
T057,3,8,0
T057,3,9,0
T057,4,0,0
T057,4,1,0
T057,4,2,0
T057,4,3,0
T057,4,4,0
T057,4,5,0
T057,4,6,0
T057,4,7,0
T057,4,8,0
T057,4,9,0
T057,5,0,0
T057,5,1,0
T057,5,2,0
T057,5,3,0
T057,5,4,0
T057,5,5,0
T057,5,6,0
T057,5,7,0
T057,5,8,0
T057,5,9,0
T058,1,0,0
T058,1,1,0
T058,1,2,0
T058,1,3,1
T058,1,4,0
T058,1,5,0
T058,1,6,0
T058,1,7,0
T058,1,8,0
T058,1,9,0
T058,2,0,0
T058,2,1,0
T058,2,2,0
T058,2,3,0
T058,2,4,0
T058,2,5,0
T058,2,6,0
T058,2,7,0
T058,2,8,0
T058,2,9,1
T058,3,0,0
T058,3,1,0
T058,3,2,0
T058,3,3,0
T058,3,4,0
T058,3,5,0
T058,3,6,0
T058,3,7,1
T058,3,8,0
T058,3,9,0
T058,4,0,0
T058,4,1,0
T058,4,2,0
T058,4,3,0
T058,4,4,0
T058,4,5,0
T058,4,6,0
T058,4,7,0
T058,4,8,0
T058,4,9,0
T058,5,0,0
T058,5,1,0
T058,5,2,0
T058,5,3,0
T058,5,4,0
T058,5,5,0
T058,5,6,0
T058,5,7,0
T058,5,8,0
T058,5,9,0
T059,1,0,0
T059,1,1,0
T059,1,2,0
T059,1,3,0
T059,1,4,0
T059,1,5,0
T059,1,6,0
T059,1,7,0
T059,1,8,1
T059,1,9,0
T059,2,0,0
T059,2,1,0
T059,2,2,0
T059,2,3,0
T059,2,4,0
T059,2,5,0
T059,2,6,0
T059,2,7,0
T059,2,8,0
T059,2,9,0
T059,3,0,0
T059,3,1,0
T059,3,2,0
T059,3,3,0
T059,3,4,0
T059,3,5,0
T059,3,6,0
T059,3,7,0
T059,3,8,0
T059,3,9,0
T059,4,0,0
T059,4,1,0
T059,4,2,0
T059,4,3,0
T059,4,4,0
T059,4,5,1
T059,4,6,0
T059,4,7,0
T059,4,8,1
T059,4,9,0
T059,5,0,0
T059,5,1,0
T059,5,2,0
T059,5,3,0
T059,5,4,0
T059,5,5,0
T059,5,6,0
T059,5,7,1
T059,5,8,0
T059,5,9,0
T060,1,0,0
T060,1,1,0
T060,1,2,0
T060,1,3,0
T060,1,4,0
T060,1,5,0
T060,1,6,0
T060,1,7,0
T060,1,8,0
T060,1,9,0
T060,2,0,0
T060,2,1,0
T060,2,2,0
T060,2,3,0
T060,2,4,1
T060,2,5,0
T060,2,6,0
T060,2,7,1
T060,2,8,0
T060,2,9,0
T060,3,0,0
T060,3,1,0
T060,3,2,0
T060,3,3,0
T060,3,4,0
T060,3,5,0
T060,3,6,0
T060,3,7,0
T060,3,8,0
T060,3,9,0
T060,4,0,0
T060,4,1,0
T060,4,2,0
T060,4,3,0
T060,4,4,0
T060,4,5,0
T060,4,6,0
T060,4,7,0
T060,4,8,0
T060,4,9,0
T060,5,0,0
T060,5,1,0
T060,5,2,0
T060,5,3,0
T060,5,4,1
T060,5,5,0
T060,5,6,0
T060,5,7,0
T060,5,8,0
T060,5,9,0
T062,1,0,0
T062,1,1,0
T062,1,2,0
T062,1,3,0
T062,1,4,0
T062,1,5,0
T062,1,6,0
T062,1,7,0
T062,1,8,0
T062,1,9,0
T062,2,0,0
T062,2,1,0
T062,2,2,0
T062,2,3,0
T062,2,4,1
T062,2,5,0
T062,2,6,0
T062,2,7,0
T062,2,8,0
T062,2,9,0
T062,3,0,1
T062,3,1,1
T062,3,2,0
T062,3,3,0
T062,3,4,0
T062,3,5,0
T062,3,6,0
T062,3,7,0
T062,3,8,0
T062,3,9,0
T062,4,0,1
T062,4,1,0
T062,4,2,0
T062,4,3,0
T062,4,4,0
T062,4,5,0
T062,4,6,0
T062,4,7,0
T062,4,8,0
T062,4,9,0
T062,5,0,0
T062,5,1,0
T062,5,2,0
T062,5,3,0
T062,5,4,0
T062,5,5,0
T062,5,6,0
T062,5,7,0
T062,5,8,0
T062,5,9,0
T063,1,0,0
T063,1,1,0
T063,1,2,0
T063,1,3,0
T063,1,4,0
T063,1,5,0
T063,1,6,0
T063,1,7,0
T063,1,8,0
T063,1,9,0
T063,2,0,0
T063,2,1,0
T063,2,2,0
T063,2,3,0
T063,2,4,0
T063,2,5,0
T063,2,6,0
T063,2,7,0
T063,2,8,0
T063,2,9,0
T063,3,0,0
T063,3,1,0
T063,3,2,0
T063,3,3,0
T063,3,4,0
T063,3,5,0
T063,3,6,0
T063,3,7,0
T063,3,8,0
T063,3,9,0
T063,4,0,0
T063,4,1,0
T063,4,2,0
T063,4,3,0
T063,4,4,0
T063,4,5,0
T063,4,6,0
T063,4,7,0
T063,4,8,0
T063,4,9,0
T063,5,0,0
T063,5,1,0
T063,5,2,0
T063,5,3,0
T063,5,4,0
T063,5,5,0
T063,5,6,0
T063,5,7,1
T063,5,8,1
T063,5,9,0
T064,1,0,0
T064,1,1,0
T064,1,2,0
T064,1,3,0
T064,1,4,0
T064,1,5,0
T064,1,6,0
T064,1,7,0
T064,1,8,0
T064,1,9,1
T064,2,0,0
T064,2,1,0
T064,2,2,0
T064,2,3,0
T064,2,4,0
T064,2,5,0
T064,2,6,0
T064,2,7,0
T064,2,8,0
T064,2,9,0
T064,3,0,0
T064,3,1,1
T064,3,2,0
T064,3,3,0
T064,3,4,0
T064,3,5,0
T064,3,6,0
T064,3,7,1
T064,3,8,0
T064,3,9,0
T064,4,0,0
T064,4,1,0
T064,4,2,0
T064,4,3,0
T064,4,4,0
T064,4,5,0
T064,4,6,0
T064,4,7,1
T064,4,8,0
T064,4,9,0
T064,5,0,0
T064,5,1,0
T064,5,2,0
T064,5,3,0
T064,5,4,0
T064,5,5,0
T064,5,6,0
T064,5,7,0
T064,5,8,0
T064,5,9,0
T066,1,0,0
T066,1,1,0
T066,1,2,0
T066,1,3,0
T066,1,4,0
T066,1,5,0
T066,1,6,0
T066,1,7,0
T066,1,8,0
T066,1,9,0
T066,2,0,0
T066,2,1,0
T066,2,2,0
T066,2,3,0
T066,2,4,0
T066,2,5,0
T066,2,6,0
T066,2,7,0
T066,2,8,0
T066,2,9,1
T066,3,0,0
T066,3,1,0
T066,3,2,0
T066,3,3,0
T066,3,4,0
T066,3,5,0
T066,3,6,0
T066,3,7,0
T066,3,8,0
T066,3,9,0
T066,4,0,0
T066,4,1,0
T066,4,2,0
T066,4,3,0
T066,4,4,0
T066,4,5,0
T066,4,6,0
T066,4,7,0
T066,4,8,1
T066,4,9,0
T066,5,0,0
T066,5,1,1
T066,5,2,0
T066,5,3,0
T066,5,4,0
T066,5,5,0
T066,5,6,0
T066,5,7,0
T066,5,8,0
T066,5,9,0
T067,1,0,0
T067,1,1,0
T067,1,2,0
T067,1,3,0
T067,1,4,0
T067,1,5,0
T067,1,6,0
T067,1,7,1
T067,1,8,0
T067,1,9,0
T067,2,0,0
T067,2,1,0
T067,2,2,0
T067,2,3,0
T067,2,4,0
T067,2,5,0
T067,2,6,0
T067,2,7,0
T067,2,8,0
T067,2,9,0
T067,3,0,0
T067,3,1,0
T067,3,2,0
T067,3,3,0
T067,3,4,0
T067,3,5,0
T067,3,6,1
T067,3,7,0
T067,3,8,0
T067,3,9,0
T067,4,0,0
T067,4,1,0
T067,4,2,0
T067,4,3,0
T067,4,4,0
T067,4,5,0
T067,4,6,0
T067,4,7,0
T067,4,8,0
T067,4,9,0
T067,5,0,0
T067,5,1,0
T067,5,2,1
T067,5,3,0
T067,5,4,0
T067,5,5,0
T067,5,6,0
T067,5,7,0
T067,5,8,0
T067,5,9,1
T068,1,0,0
T068,1,1,0
T068,1,2,0
T068,1,3,0
T068,1,4,0
T068,1,5,0
T068,1,6,0
T068,1,7,0
T068,1,8,0
T068,1,9,0
T068,2,0,0
T068,2,1,1
T068,2,2,0
T068,2,3,0
T068,2,4,0
T068,2,5,0
T068,2,6,0
T068,2,7,0
T068,2,8,0
T068,2,9,0
T068,3,0,0
T068,3,1,0
T068,3,2,0
T068,3,3,0
T068,3,4,0
T068,3,5,0
T068,3,6,0
T068,3,7,0
T068,3,8,0
T068,3,9,1
T068,4,0,0
T068,4,1,0
T068,4,2,0
T068,4,3,0
T068,4,4,0
T068,4,5,0
T068,4,6,0
T068,4,7,0
T068,4,8,0
T068,4,9,0
T068,5,0,0
T068,5,1,0
T068,5,2,0
T068,5,3,0
T068,5,4,0
T068,5,5,0
T068,5,6,0
T068,5,7,0
T068,5,8,0
T068,5,9,0
T069,1,0,1
T069,1,1,1
T069,1,2,0
T069,1,3,0
T069,1,4,0
T069,1,5,0
T069,1,6,0
T069,1,7,0
T069,1,8,0
T069,1,9,0
T069,2,0,1
T069,2,1,0
T069,2,2,0
T069,2,3,0
T069,2,4,0
T069,2,5,0
T069,2,6,0
T069,2,7,1
T069,2,8,0
T069,2,9,0
T069,3,0,0
T069,3,1,0
T069,3,2,0
T069,3,3,0
T069,3,4,0
T069,3,5,0
T069,3,6,0
T069,3,7,1
T069,3,8,0
T069,3,9,0
T069,4,0,0
T069,4,1,0
T069,4,2,0
T069,4,3,0
T069,4,4,0
T069,4,5,0
T069,4,6,0
T069,4,7,0
T069,4,8,0
T069,4,9,0
T069,5,0,1
T069,5,1,0
T069,5,2,0
T069,5,3,0
T069,5,4,0
T069,5,5,0
T069,5,6,0
T069,5,7,0
T069,5,8,0
T069,5,9,0
T070,1,0,1
T070,1,1,0
T070,1,2,0
T070,1,3,0
T070,1,4,0
T070,1,5,0
T070,1,6,0
T070,1,7,0
T070,1,8,0
T070,1,9,0
T070,2,0,1
T070,2,1,0
T070,2,2,0
T070,2,3,0
T070,2,4,0
T070,2,5,0
T070,2,6,0
T070,2,7,0
T070,2,8,0
T070,2,9,1
T070,3,0,0
T070,3,1,0
T070,3,2,0
T070,3,3,0
T070,3,4,0
T070,3,5,1
T070,3,6,0
T070,3,7,1
T070,3,8,0
T070,3,9,0
T070,4,0,1
T070,4,1,0
T070,4,2,0
T070,4,3,0
T070,4,4,0
T070,4,5,0
T070,4,6,0
T070,4,7,0
T070,4,8,0
T070,4,9,0
T070,5,0,0
T070,5,1,0
T070,5,2,0
T070,5,3,0
T070,5,4,0
T070,5,5,0
T070,5,6,0
T070,5,7,0
T070,5,8,0
T070,5,9,0
T071,1,0,0
T071,1,1,0
T071,1,2,0
T071,1,3,0
T071,1,4,0
T071,1,5,0
T071,1,6,0
T071,1,7,0
T071,1,8,0
T071,1,9,0
T071,2,0,0
T071,2,1,0
T071,2,2,0
T071,2,3,0
T071,2,4,1
T071,2,5,0
T071,2,6,0
T071,2,7,0
T071,2,8,0
T071,2,9,0
T071,3,0,0
T071,3,1,0
T071,3,2,1
T071,3,3,0
T071,3,4,0
T071,3,5,1
T071,3,6,1
T071,3,7,0
T071,3,8,0
T071,3,9,0
T071,4,0,0
T071,4,1,1
T071,4,2,1
T071,4,3,0
T071,4,4,0
T071,4,5,0
T071,4,6,0
T071,4,7,0
T071,4,8,0
T071,4,9,1
T071,5,0,0
T071,5,1,0
T071,5,2,0
T071,5,3,0
T071,5,4,0
T071,5,5,0
T071,5,6,0
T071,5,7,0
T071,5,8,0
T071,5,9,0
T072,1,0,0
T072,1,1,0
T072,1,2,0
T072,1,3,0
T072,1,4,0
T072,1,5,0
T072,1,6,0
T072,1,7,0
T072,1,8,0
T072,1,9,0
T072,2,0,0
T072,2,1,0
T072,2,2,0
T072,2,3,0
T072,2,4,0
T072,2,5,0
T072,2,6,0
T072,2,7,0
T072,2,8,0
T072,2,9,0
T072,3,0,0
T072,3,1,0
T072,3,2,0
T072,3,3,0
T072,3,4,0
T072,3,5,0
T072,3,6,0
T072,3,7,0
T072,3,8,0
T072,3,9,0
T072,4,0,0
T072,4,1,0
T072,4,2,0
T072,4,3,0
T072,4,4,0
T072,4,5,1
T072,4,6,0
T072,4,7,0
T072,4,8,0
T072,4,9,0
T072,5,0,0
T072,5,1,1
T072,5,2,1
T072,5,3,0
T072,5,4,0
T072,5,5,0
T072,5,6,0
T072,5,7,0
T072,5,8,0
T072,5,9,0
T075,1,0,0
T075,1,1,0
T075,1,2,0
T075,1,3,0
T075,1,4,1
T075,1,5,0
T075,1,6,0
T075,1,7,0
T075,1,8,0
T075,1,9,0
T075,2,0,0
T075,2,1,1
T075,2,2,0
T075,2,3,1
T075,2,4,0
T075,2,5,0
T075,2,6,0
T075,2,7,0
T075,2,8,0
T075,2,9,0
T075,3,0,1
T075,3,1,1
T075,3,2,0
T075,3,3,0
T075,3,4,0
T075,3,5,0
T075,3,6,0
T075,3,7,1
T075,3,8,0
T075,3,9,0
T075,4,0,1
T075,4,1,0
T075,4,2,0
T075,4,3,0
T075,4,4,0
T075,4,5,0
T075,4,6,0
T075,4,7,1
T075,4,8,0
T075,4,9,0
T075,5,0,0
T075,5,1,0
T075,5,2,0
T075,5,3,0
T075,5,4,0
T075,5,5,0
T075,5,6,0
T075,5,7,0
T075,5,8,0
T075,5,9,0
T076,1,0,0
T076,1,1,0
T076,1,2,0
T076,1,3,0
T076,1,4,0
T076,1,5,0
T076,1,6,0
T076,1,7,0
T076,1,8,0
T076,1,9,0
T076,2,0,0
T076,2,1,0
T076,2,2,0
T076,2,3,0
T076,2,4,0
T076,2,5,0
T076,2,6,0
T076,2,7,0
T076,2,8,0
T076,2,9,0
T076,3,0,0
T076,3,1,0
T076,3,2,0
T076,3,3,0
T076,3,4,0
T076,3,5,0
T076,3,6,0
T076,3,7,0
T076,3,8,0
T076,3,9,0
T076,4,0,0
T076,4,1,0
T076,4,2,0
T076,4,3,0
T076,4,4,0
T076,4,5,0
T076,4,6,0
T076,4,7,1
T076,4,8,0
T076,4,9,0
T076,5,0,0
T076,5,1,0
T076,5,2,0
T076,5,3,0
T076,5,4,0
T076,5,5,0
T076,5,6,0
T076,5,7,0
T076,5,8,0
T076,5,9,0
T077,1,0,0
T077,1,1,0
T077,1,2,0
T077,1,3,0
T077,1,4,0
T077,1,5,0
T077,1,6,0
T077,1,7,0
T077,1,8,1
T077,1,9,0
T077,2,0,0
T077,2,1,0
T077,2,2,1
T077,2,3,0
T077,2,4,0
T077,2,5,1
T077,2,6,0
T077,2,7,1
T077,2,8,0
T077,2,9,0
T077,3,0,0
T077,3,1,0
T077,3,2,0
T077,3,3,0
T077,3,4,1
T077,3,5,0
T077,3,6,0
T077,3,7,0
T077,3,8,0
T077,3,9,0
T077,4,0,0
T077,4,1,0
T077,4,2,0
T077,4,3,0
T077,4,4,0
T077,4,5,0
T077,4,6,0
T077,4,7,0
T077,4,8,0
T077,4,9,0
T077,5,0,1
T077,5,1,0
T077,5,2,0
T077,5,3,0
T077,5,4,0
T077,5,5,0
T077,5,6,0
T077,5,7,0
T077,5,8,0
T077,5,9,0
T078,1,0,0
T078,1,1,0
T078,1,2,0
T078,1,3,0
T078,1,4,0
T078,1,5,0
T078,1,6,0
T078,1,7,0
T078,1,8,0
T078,1,9,1
T078,2,0,0
T078,2,1,0
T078,2,2,0
T078,2,3,0
T078,2,4,0
T078,2,5,0
T078,2,6,0
T078,2,7,0
T078,2,8,0
T078,2,9,0
T078,3,0,0
T078,3,1,0
T078,3,2,0
T078,3,3,0
T078,3,4,0
T078,3,5,0
T078,3,6,0
T078,3,7,0
T078,3,8,0
T078,3,9,1
T078,4,0,0
T078,4,1,0
T078,4,2,0
T078,4,3,0
T078,4,4,0
T078,4,5,0
T078,4,6,0
T078,4,7,0
T078,4,8,0
T078,4,9,0
T078,5,0,0
T078,5,1,0
T078,5,2,1
T078,5,3,0
T078,5,4,0
T078,5,5,0
T078,5,6,1
T078,5,7,0
T078,5,8,0
T078,5,9,0
T079,1,0,0
T079,1,1,0
T079,1,2,0
T079,1,3,0
T079,1,4,0
T079,1,5,0
T079,1,6,0
T079,1,7,1
T079,1,8,0
T079,1,9,0
T079,2,0,1
T079,2,1,0
T079,2,2,0
T079,2,3,0
T079,2,4,0
T079,2,5,0
T079,2,6,0
T079,2,7,0
T079,2,8,0
T079,2,9,1
T079,3,0,0
T079,3,1,0
T079,3,2,0
T079,3,3,0
T079,3,4,0
T079,3,5,0
T079,3,6,0
T079,3,7,0
T079,3,8,0
T079,3,9,0
T079,4,0,0
T079,4,1,0
T079,4,2,0
T079,4,3,0
T079,4,4,0
T079,4,5,0
T079,4,6,0
T079,4,7,0
T079,4,8,1
T079,4,9,0
T079,5,0,0
T079,5,1,0
T079,5,2,0
T079,5,3,0
T079,5,4,0
T079,5,5,0
T079,5,6,0
T079,5,7,1
T079,5,8,0
T079,5,9,0
T080,1,0,0
T080,1,1,0
T080,1,2,0
T080,1,3,0
T080,1,4,0
T080,1,5,0
T080,1,6,0
T080,1,7,0
T080,1,8,0
T080,1,9,0
T080,2,0,0
T080,2,1,0
T080,2,2,0
T080,2,3,1
T080,2,4,0
T080,2,5,0
T080,2,6,0
T080,2,7,0
T080,2,8,0
T080,2,9,0
T080,3,0,0
T080,3,1,1
T080,3,2,0
T080,3,3,1
T080,3,4,0
T080,3,5,0
T080,3,6,0
T080,3,7,0
T080,3,8,0
T080,3,9,0
T080,4,0,0
T080,4,1,0
T080,4,2,0
T080,4,3,0
T080,4,4,0
T080,4,5,0
T080,4,6,0
T080,4,7,1
T080,4,8,0
T080,4,9,0
T080,5,0,0
T080,5,1,0
T080,5,2,0
T080,5,3,0
T080,5,4,0
T080,5,5,0
T080,5,6,0
T080,5,7,0
T080,5,8,0
T080,5,9,0
T081,1,0,0
T081,1,1,0
T081,1,2,0
T081,1,3,0
T081,1,4,0
T081,1,5,0
T081,1,6,0
T081,1,7,0
T081,1,8,0
T081,1,9,0
T081,2,0,0
T081,2,1,0
T081,2,2,0
T081,2,3,0
T081,2,4,1
T081,2,5,0
T081,2,6,0
T081,2,7,0
T081,2,8,0
T081,2,9,0
T081,3,0,0
T081,3,1,1
T081,3,2,0
T081,3,3,0
T081,3,4,0
T081,3,5,1
T081,3,6,0
T081,3,7,0
T081,3,8,0
T081,3,9,0
T081,4,0,0
T081,4,1,0
T081,4,2,0
T081,4,3,0
T081,4,4,0
T081,4,5,0
T081,4,6,0
T081,4,7,0
T081,4,8,0
T081,4,9,0
T081,5,0,0
T081,5,1,0
T081,5,2,0
T081,5,3,1
T081,5,4,0
T081,5,5,0
T081,5,6,0
T081,5,7,0
T081,5,8,0
T081,5,9,0
T082,1,0,0
T082,1,1,0
T082,1,2,0
T082,1,3,0
T082,1,4,0
T082,1,5,0
T082,1,6,0
T082,1,7,0
T082,1,8,0
T082,1,9,1
T082,2,0,0
T082,2,1,0
T082,2,2,0
T082,2,3,0
T082,2,4,1
T082,2,5,0
T082,2,6,0
T082,2,7,0
T082,2,8,1
T082,2,9,0
T082,3,0,0
T082,3,1,0
T082,3,2,0
T082,3,3,0
T082,3,4,0
T082,3,5,0
T082,3,6,0
T082,3,7,0
T082,3,8,0
T082,3,9,0
T082,4,0,0
T082,4,1,0
T082,4,2,0
T082,4,3,0
T082,4,4,0
T082,4,5,0
T082,4,6,0
T082,4,7,0
T082,4,8,0
T082,4,9,0
T082,5,0,0
T082,5,1,0
T082,5,2,0
T082,5,3,0
T082,5,4,0
T082,5,5,0
T082,5,6,0
T082,5,7,1
T082,5,8,0
T082,5,9,0
T083,1,0,0
T083,1,1,0
T083,1,2,0
T083,1,3,0
T083,1,4,0
T083,1,5,0
T083,1,6,0
T083,1,7,0
T083,1,8,0
T083,1,9,0
T083,2,0,0
T083,2,1,0
T083,2,2,0
T083,2,3,0
T083,2,4,0
T083,2,5,0
T083,2,6,1
T083,2,7,0
T083,2,8,0
T083,2,9,0
T083,3,0,0
T083,3,1,0
T083,3,2,1
T083,3,3,0
T083,3,4,0
T083,3,5,0
T083,3,6,0
T083,3,7,0
T083,3,8,0
T083,3,9,0
T083,4,0,0
T083,4,1,0
T083,4,2,1
T083,4,3,0
T083,4,4,1
T083,4,5,0
T083,4,6,0
T083,4,7,0
T083,4,8,0
T083,4,9,0
T083,5,0,0
T083,5,1,0
T083,5,2,0
T083,5,3,0
T083,5,4,0
T083,5,5,0
T083,5,6,0
T083,5,7,0
T083,5,8,0
T083,5,9,1
T084,1,0,0
T084,1,1,0
T084,1,2,0
T084,1,3,0
T084,1,4,0
T084,1,5,0
T084,1,6,0
T084,1,7,0
T084,1,8,0
T084,1,9,0
T084,2,0,0
T084,2,1,0
T084,2,2,0
T084,2,3,0
T084,2,4,0
T084,2,5,0
T084,2,6,0
T084,2,7,0
T084,2,8,0
T084,2,9,0
T084,3,0,0
T084,3,1,0
T084,3,2,0
T084,3,3,0
T084,3,4,0
T084,3,5,0
T084,3,6,0
T084,3,7,0
T084,3,8,0
T084,3,9,0
T084,4,0,0
T084,4,1,0
T084,4,2,0
T084,4,3,0
T084,4,4,1
T084,4,5,0
T084,4,6,0
T084,4,7,0
T084,4,8,0
T084,4,9,0
T084,5,0,0
T084,5,1,0
T084,5,2,0
T084,5,3,1
T084,5,4,0
T084,5,5,0
T084,5,6,0
T084,5,7,0
T084,5,8,0
T084,5,9,0
T085,1,0,0
T085,1,1,0
T085,1,2,0
T085,1,3,0
T085,1,4,0
T085,1,5,0
T085,1,6,0
T085,1,7,0
T085,1,8,0
T085,1,9,0
T085,2,0,0
T085,2,1,0
T085,2,2,0
T085,2,3,0
T085,2,4,0
T085,2,5,0
T085,2,6,0
T085,2,7,0
T085,2,8,0
T085,2,9,0
T085,3,0,0
T085,3,1,0
T085,3,2,0
T085,3,3,0
T085,3,4,0
T085,3,5,0
T085,3,6,0
T085,3,7,0
T085,3,8,0
T085,3,9,0
T085,4,0,0
T085,4,1,0
T085,4,2,0
T085,4,3,0
T085,4,4,0
T085,4,5,0
T085,4,6,0
T085,4,7,0
T085,4,8,0
T085,4,9,0
T085,5,0,0
T085,5,1,0
T085,5,2,0
T085,5,3,0
T085,5,4,0
T085,5,5,0
T085,5,6,1
T085,5,7,0
T085,5,8,0
T085,5,9,0
T087,1,0,0
T087,1,1,0
T087,1,2,0
T087,1,3,0
T087,1,4,0
T087,1,5,0
T087,1,6,0
T087,1,7,0
T087,1,8,0
T087,1,9,0
T087,2,0,0
T087,2,1,0
T087,2,2,0
T087,2,3,0
T087,2,4,0
T087,2,5,0
T087,2,6,0
T087,2,7,0
T087,2,8,0
T087,2,9,0
T087,3,0,0
T087,3,1,0
T087,3,2,0
T087,3,3,0
T087,3,4,1
T087,3,5,0
T087,3,6,0
T087,3,7,0
T087,3,8,0
T087,3,9,0
T087,4,0,0
T087,4,1,0
T087,4,2,1
T087,4,3,0
T087,4,4,0
T087,4,5,0
T087,4,6,0
T087,4,7,0
T087,4,8,0
T087,4,9,0
T087,5,0,0
T087,5,1,0
T087,5,2,0
T087,5,3,0
T087,5,4,0
T087,5,5,0
T087,5,6,0
T087,5,7,0
T087,5,8,0
T087,5,9,0
T088,1,0,1
T088,1,1,0
T088,1,2,0
T088,1,3,0
T088,1,4,0
T088,1,5,0
T088,1,6,0
T088,1,7,0
T088,1,8,0
T088,1,9,1
T088,2,0,0
T088,2,1,0
T088,2,2,0
T088,2,3,0
T088,2,4,0
T088,2,5,0
T088,2,6,0
T088,2,7,0
T088,2,8,0
T088,2,9,0
T088,3,0,0
T088,3,1,0
T088,3,2,0
T088,3,3,0
T088,3,4,0
T088,3,5,0
T088,3,6,0
T088,3,7,0
T088,3,8,0
T088,3,9,0
T088,4,0,0
T088,4,1,0
T088,4,2,0
T088,4,3,0
T088,4,4,0
T088,4,5,0
T088,4,6,0
T088,4,7,0
T088,4,8,0
T088,4,9,0
T088,5,0,0
T088,5,1,0
T088,5,2,0
T088,5,3,0
T088,5,4,1
T088,5,5,0
T088,5,6,1
T088,5,7,0
T088,5,8,0
T088,5,9,0
T089,1,0,0
T089,1,1,0
T089,1,2,0
T089,1,3,0
T089,1,4,0
T089,1,5,0
T089,1,6,0
T089,1,7,1
T089,1,8,0
T089,1,9,0
T089,2,0,0
T089,2,1,0
T089,2,2,0
T089,2,3,0
T089,2,4,0
T089,2,5,0
T089,2,6,0
T089,2,7,0
T089,2,8,0
T089,2,9,0
T089,3,0,0
T089,3,1,0
T089,3,2,0
T089,3,3,1
T089,3,4,0
T089,3,5,0
T089,3,6,0
T089,3,7,0
T089,3,8,0
T089,3,9,0
T089,4,0,0
T089,4,1,0
T089,4,2,0
T089,4,3,0
T089,4,4,0
T089,4,5,0
T089,4,6,0
T089,4,7,0
T089,4,8,0
T089,4,9,0
T089,5,0,0
T089,5,1,0
T089,5,2,0
T089,5,3,1
T089,5,4,0
T089,5,5,0
T089,5,6,0
T089,5,7,0
T089,5,8,0
T089,5,9,0
T090,1,0,0
T090,1,1,0
T090,1,2,0
T090,1,3,0
T090,1,4,0
T090,1,5,0
T090,1,6,0
T090,1,7,0
T090,1,8,0
T090,1,9,0
T090,2,0,0
T090,2,1,0
T090,2,2,0
T090,2,3,0
T090,2,4,0
T090,2,5,0
T090,2,6,0
T090,2,7,0
T090,2,8,0
T090,2,9,0
T090,3,0,1
T090,3,1,0
T090,3,2,0
T090,3,3,0
T090,3,4,0
T090,3,5,0
T090,3,6,1
T090,3,7,0
T090,3,8,0
T090,3,9,0
T090,4,0,0
T090,4,1,0
T090,4,2,0
T090,4,3,0
T090,4,4,0
T090,4,5,0
T090,4,6,0
T090,4,7,0
T090,4,8,0
T090,4,9,0
T090,5,0,0
T090,5,1,1
T090,5,2,1
T090,5,3,0
T090,5,4,0
T090,5,5,0
T090,5,6,0
T090,5,7,0
T090,5,8,0
T090,5,9,0
T092,1,0,0
T092,1,1,0
T092,1,2,0
T092,1,3,0
T092,1,4,0
T092,1,5,0
T092,1,6,0
T092,1,7,0
T092,1,8,0
T092,1,9,0
T092,2,0,0
T092,2,1,0
T092,2,2,0
T092,2,3,0
T092,2,4,0
T092,2,5,0
T092,2,6,0
T092,2,7,0
T092,2,8,0
T092,2,9,0
T092,3,0,0
T092,3,1,0
T092,3,2,0
T092,3,3,0
T092,3,4,0
T092,3,5,0
T092,3,6,0
T092,3,7,0
T092,3,8,0
T092,3,9,0
T092,4,0,0
T092,4,1,1
T092,4,2,0
T092,4,3,0
T092,4,4,0
T092,4,5,0
T092,4,6,0
T092,4,7,0
T092,4,8,0
T092,4,9,1
T092,5,0,0
T092,5,1,0
T092,5,2,0
T092,5,3,0
T092,5,4,0
T092,5,5,0
T092,5,6,0
T092,5,7,0
T092,5,8,0
T092,5,9,0
T093,1,0,0
T093,1,1,0
T093,1,2,0
T093,1,3,0
T093,1,4,0
T093,1,5,0
T093,1,6,0
T093,1,7,0
T093,1,8,0
T093,1,9,0
T093,2,0,0
T093,2,1,1
T093,2,2,0
T093,2,3,0
T093,2,4,0
T093,2,5,0
T093,2,6,0
T093,2,7,0
T093,2,8,0
T093,2,9,0
T093,3,0,0
T093,3,1,0
T093,3,2,0
T093,3,3,0
T093,3,4,0
T093,3,5,0
T093,3,6,1
T093,3,7,0
T093,3,8,0
T093,3,9,0
T093,4,0,0
T093,4,1,0
T093,4,2,0
T093,4,3,0
T093,4,4,0
T093,4,5,0
T093,4,6,0
T093,4,7,0
T093,4,8,0
T093,4,9,0
T093,5,0,0
T093,5,1,0
T093,5,2,0
T093,5,3,1
T093,5,4,0
T093,5,5,0
T093,5,6,0
T093,5,7,0
T093,5,8,0
T093,5,9,0
T095,1,0,0
T095,1,1,0
T095,1,2,0
T095,1,3,0
T095,1,4,0
T095,1,5,0
T095,1,6,0
T095,1,7,0
T095,1,8,0
T095,1,9,0
T095,2,0,0
T095,2,1,0
T095,2,2,0
T095,2,3,0
T095,2,4,1
T095,2,5,1
T095,2,6,0
T095,2,7,0
T095,2,8,0
T095,2,9,0
T095,3,0,0
T095,3,1,0
T095,3,2,0
T095,3,3,0
T095,3,4,0
T095,3,5,0
T095,3,6,0
T095,3,7,0
T095,3,8,0
T095,3,9,0
T095,4,0,0
T095,4,1,0
T095,4,2,0
T095,4,3,0
T095,4,4,1
T095,4,5,0
T095,4,6,0
T095,4,7,0
T095,4,8,0
T095,4,9,0
T095,5,0,0
T095,5,1,0
T095,5,2,0
T095,5,3,0
T095,5,4,0
T095,5,5,0
T095,5,6,0
T095,5,7,0
T095,5,8,0
T095,5,9,0
T096,1,0,0
T096,1,1,0
T096,1,2,0
T096,1,3,0
T096,1,4,0
T096,1,5,0
T096,1,6,0
T096,1,7,0
T096,1,8,0
T096,1,9,0
T096,2,0,0
T096,2,1,1
T096,2,2,0
T096,2,3,0
T096,2,4,0
T096,2,5,0
T096,2,6,0
T096,2,7,0
T096,2,8,0
T096,2,9,0
T096,3,0,0
T096,3,1,0
T096,3,2,0
T096,3,3,0
T096,3,4,0
T096,3,5,0
T096,3,6,0
T096,3,7,0
T096,3,8,1
T096,3,9,0
T096,4,0,0
T096,4,1,0
T096,4,2,0
T096,4,3,0
T096,4,4,0
T096,4,5,0
T096,4,6,0
T096,4,7,0
T096,4,8,0
T096,4,9,0
T096,5,0,0
T096,5,1,0
T096,5,2,0
T096,5,3,0
T096,5,4,0
T096,5,5,0
T096,5,6,1
T096,5,7,0
T096,5,8,0
T096,5,9,0
T097,1,0,0
T097,1,1,0
T097,1,2,0
T097,1,3,0
T097,1,4,0
T097,1,5,0
T097,1,6,0
T097,1,7,0
T097,1,8,0
T097,1,9,0
T097,2,0,0
T097,2,1,0
T097,2,2,0
T097,2,3,0
T097,2,4,0
T097,2,5,0
T097,2,6,0
T097,2,7,0
T097,2,8,0
T097,2,9,0
T097,3,0,0
T097,3,1,0
T097,3,2,0
T097,3,3,0
T097,3,4,0
T097,3,5,0
T097,3,6,0
T097,3,7,0
T097,3,8,0
T097,3,9,0
T097,4,0,0
T097,4,1,0
T097,4,2,0
T097,4,3,0
T097,4,4,0
T097,4,5,0
T097,4,6,1
T097,4,7,0
T097,4,8,0
T097,4,9,0
T097,5,0,1
T097,5,1,0
T097,5,2,0
T097,5,3,0
T097,5,4,0
T097,5,5,0
T097,5,6,0
T097,5,7,0
T097,5,8,0
T097,5,9,0
